City_ID,City,Lat,Lng,Max Temp,Humidity,Cloudiness,Wind Speed,Date
0,waitangi,-43.9535,-176.5597,289.16,93,3,9.06,1703138400
1,broken hill,-31.95,141.4333,301.94,16,12,7.57,1703138400
2,yellowknife,62.456,-114.3525,262.79,95,91,2.64,1703138400
3,yuzhno-kurilsk,44.0306,145.8556,270.58,76,18,6.01,1703138400
4,papatowai,-46.5619,169.4708,284.93,75,100,2.82,1703138400
5,port elizabeth,-33.918,25.5701,293.88,79,2,4.02,1703138400
6,athens,37.9795,23.7162,285.83,94,51,2.47,1703138400
7,lionel town,17.8101,-77.2406,299.09,82,1,3.55,1703138400
8,hadibu,12.65,54.0333,298.65,83,70,5.08,1703138400
9,west island,-12.1568,96.8225,302.14,65,37,6.37,1703138400
10,igarka,67.4667,86.5833,257.52,92,100,10.84,1703138400
11,jamestown,42.097,-79.2353,271.96,74,36,2.61,1703138400
12,port mathurin,-19.6833,63.4167,299.66,82,100,5.82,1703138400
13,port-aux-francais,-49.35,70.2167,280.16,89,88,12.8,1703138400
14,tiksi,71.6872,128.8694,251.32,90,65,5.8,1703138400
15,grytviken,-54.2811,-36.5092,275.57,84,81,4.92,1703138400
16,burang,30.25,81.1667,273.39,31,38,1.37,1703138400
17,lushun,38.8,121.2667,267.73,62,100,10.4,1703138400
18,blackmans bay,-43.0167,147.3167,292.17,58,91,1.26,1703138400
19,naliya,23.2667,68.8333,298.84,21,100,4.23,1703138400
20,hanzhong,33.0728,107.0303,279.57,38,20,0.9,1703138400
21,namibe,-15.1961,12.1522,295.74,76,91,4.57,1703138400
22,adamstown,-25.066,-130.1015,296.22,82,100,7.2,1703138400
23,bilibino,68.0546,166.4372,244.85,98,100,0.64,1703138400
24,cabo san lucas,22.8909,-109.9124,296.85,77,99,2.29,1703138400
25,taoudenni,22.6783,-3.9836,284.43,50,5,5.69,1703138400
26,anadyr,64.75,177.4833,248.15,75,97,4.38,1703138400
27,dossor,47.5272,52.9811,275.78,76,7,8.55,1703138400
28,bardai,11.65,7.2333,290.39,35,13,3.13,1703138400
29,mari,-7.06,-35.3194,297.6,92,63,8.19,1703138400
30,bethel,41.3712,-73.414,273.77,76,43,5.27,1703138400
31,ierapetra,35.01,25.7353,291.01,66,57,2.93,1703138400
32,albany,42.6001,-73.9662,273.32,80,82,3.45,1703138400
33,nuuk,64.1835,-51.7216,265.49,73,100,1.43,1703138400
34,amga,60.8953,131.9608,239.62,100,98,0.39,1703138400
35,wailua homesteads,22.0669,-159.378,294.62,84,100,6.81,1703138400
36,khanapur,15.6333,74.5167,301.29,40,66,0.13,1703138400
37,kawalu,-7.3817,108.2082,306.13,41,88,0.39,1703138400
38,xinhui,22.456,113.0482,287.74,38,5,7.06,1703138400
39,tshabong,-26.05,22.45,303.93,33,51,6.98,1703138400
40,maracacume,-2.0428,-45.9592,297.33,95,100,3.9,1703138400
41,badger,64.8,-147.5333,258.19,84,92,0.38,1703138400
42,hermanus,-34.4187,19.2345,291.57,68,2,10.26,1703138400
43,kirensk,57.7853,108.1119,248.06,90,13,0.96,1703138400
44,puerto natales,-51.7236,-72.4875,279.12,92,96,2.53,1703138400
45,puerto el triunfo,13.2833,-88.55,295.23,62,9,2.9,1703138400
46,vilyuysk,63.7553,121.6247,250.93,92,100,3.61,1703138400
47,bredasdorp,-34.5322,20.0403,292.16,63,9,7.2,1703138400
48,rabaul,-4.1967,152.1721,301.04,81,85,1.56,1703138400
49,vigia,-0.8583,-48.1417,298.39,93,99,4.34,1703138400
50,uturoa,-16.7333,-151.4333,300.36,79,100,4.46,1703138400
51,sao joao da barra,-21.6403,-41.0511,295.88,91,26,4.01,1703138400
52,edinburgh of the seven seas,-37.0676,-12.3116,290.13,83,53,10.76,1703138400
53,punta arenas,-53.15,-70.9167,280.21,76,65,4.14,1703138400
54,taro,-8.3862,115.28,302.72,49,53,0.25,1703138400
55,bonthe,7.5264,-12.505,294.59,61,6,4.22,1703138400
56,ouesso,1.6136,16.0517,296.95,83,83,0.67,1703138400
57,whitehorse,60.7161,-135.0538,266.44,79,80,3.06,1703138400
58,antsiranana,-12.2787,49.2917,303.67,74,36,3.6,1703138400
59,pisco,-13.7,-76.2167,293.18,88,98,3.32,1703138400
60,invercargill,-46.4,168.35,285.94,79,100,1.75,1703138400
61,kailua-kona,19.6406,-155.9956,297.56,87,100,1.93,1703138400
62,holualoa,19.6228,-155.9522,295.53,87,100,1.71,1703138400
63,haiku-pauwela,20.9219,-156.3051,295.36,81,80,7.82,1703138400
64,koungou,-12.7336,45.2042,302.99,74,30,1.95,1703138400
65,ta`u,-14.2336,-169.5144,300.17,81,100,2.38,1703138400
66,kodiak,57.79,-152.4072,272.34,93,47,4.12,1703138400
67,minab,27.1467,57.0801,295.21,50,0,2.31,1703138400
68,santa terezinha,-29.9002,-50.0904,295.48,89,81,5.9,1703138400
69,margaret river,-33.95,115.0667,298.64,44,95,5.43,1703138400
70,lianhe,47.1333,129.2667,253.97,70,68,1.4,1703138400
71,kristiansund,63.1115,7.732,274.55,60,92,3.52,1703138400
72,olonkinbyen,70.9221,-8.7187,266.41,77,100,6.55,1703138400
73,oppdal,62.5943,9.6912,264.12,89,100,2.87,1703138400
74,keflavik,64.0049,-22.5624,272.43,63,92,8.08,1703138400
75,bandarban,22.1965,92.2262,300.48,48,80,0.63,1703138400
76,sao felix do xingu,-6.6447,-51.995,295.02,98,74,2.87,1703138400
77,madugula,17.9167,82.8,299.54,41,6,1.12,1703138400
78,nadym,65.5333,72.5167,264.71,93,89,7.63,1703138400
79,vicuna mackenna,-33.9197,-64.3922,288.65,95,3,3.22,1703138400
80,kamiiso,41.8167,140.65,271.36,59,74,6.84,1703138400
81,vorgashor,67.5833,63.95,262.54,96,100,5.07,1703138400
82,carnarvon,-24.8667,113.6333,299.22,64,0,5.34,1703138400
83,nema,57.5067,50.5011,273.22,98,100,6.64,1703138400
84,punta del este,-34.9667,-54.95,292.1,97,92,4.02,1703138400
85,kerikeri,-35.2268,173.9474,296.43,75,100,1.93,1703138400
86,verkhnevilyuysk,63.4453,120.3167,251.7,87,97,3.16,1703138400
87,jindabyne,-36.4167,148.6333,286.16,77,88,1.17,1703138400
88,flin flon,54.7682,-101.865,264.6,91,94,1.78,1703138400
89,iqaluit,63.7506,-68.5145,246.31,62,51,2.2,1703138400
90,hithadhoo,-0.6,73.0833,301.21,78,65,3.66,1703138400
91,thompson,55.7435,-97.8558,261.9,85,100,3.91,1703138400
92,mount gambier,-37.8333,140.7667,291.58,64,42,5.06,1703138400
93,ola,59.5833,151.2833,250.67,83,78,4.75,1703138400
94,tisaiyanvilai,8.3333,77.8833,300.84,75,82,6.44,1703138400
95,atar,20.5169,-13.0499,284.56,37,88,6.67,1703138400
96,lata,40.1629,-8.3327,277.98,90,3,3.15,1703138400
97,iskateley,67.6803,53.1512,264.27,97,94,3.32,1703138400
98,atafu village,-8.5421,-172.5159,302.2,74,92,4.65,1703138400
99,ushuaia,-54.8,-68.3,278.96,75,70,1.09,1703138400
100,fisterra,42.9049,-9.2629,285.95,81,73,7.01,1703138400
101,skeldon,5.8833,-57.1333,298.02,92,30,3.31,1703138400
102,imbituba,-28.24,-48.6703,295.0,92,39,6.6,1703138400
103,dudinka,69.4058,86.1778,257.97,91,100,12.78,1703138400
104,nova sintra,14.8667,-24.7167,293.02,68,10,7.68,1703138400
105,east london,-33.0153,27.9116,294.29,88,82,4.02,1703138400
106,tazacorte,28.629,-17.9293,292.44,69,62,6.24,1703138400
107,severnoye,56.3491,78.3619,266.81,94,99,3.78,1703138400
108,nar'yan-mar,67.6713,53.087,264.32,97,93,3.29,1703138400
109,aasiaat,68.7098,-52.8699,254.54,83,100,4.14,1703138400
110,ercis,39.0287,43.3586,271.33,69,23,1.12,1703138400
111,hamilton,39.1834,-84.5333,274.89,64,92,1.21,1703138400
112,walvis bay,-22.9575,14.5053,289.51,88,12,8.87,1703138400
113,mezhdurechenskiy,59.6,65.9333,270.24,92,48,4.89,1703138400
114,ende,-8.8432,121.6623,302.78,78,78,0.87,1703138400
115,longyearbyen,78.2186,15.6401,263.06,67,49,2.36,1703138400
116,gradiska,45.1411,17.25,277.29,92,51,0.69,1703138400
117,margate,51.3813,1.3862,284.64,75,100,14.23,1703138400
118,katsuura,35.1333,140.3,283.16,50,9,7.38,1703138400
119,stony plain,53.5334,-114.0021,272.36,93,100,2.45,1703138400
120,belyy yar,53.6039,91.3903,256.64,78,81,0.35,1703138400
121,port saint john's,-31.6229,29.5448,294.62,91,100,3.18,1703138400
122,huarmey,-10.0681,-78.1522,293.75,86,100,4.24,1703138400
123,nairobi,-1.2833,36.8167,293.74,79,31,6.22,1703138400
124,nova vicosa,-17.8919,-39.3719,296.72,83,97,4.99,1703138400
125,chernyshevsk,52.5243,117.0174,251.3,87,37,0.4,1703138400
126,dryden,49.7833,-92.7503,265.46,73,90,4.5,1703138400
127,genhe,50.7833,121.5167,255.37,82,94,1.1,1703138400
128,glace bay,46.1969,-59.957,275.22,96,100,16.6,1703138400
129,palmer,42.1584,-72.3287,274.61,54,44,5.14,1703138400
130,palasa,18.7667,84.4167,298.1,44,44,1.32,1703138400
131,alice springs,-23.7,133.8833,308.54,12,0,4.16,1703138400
132,tondano,1.3038,124.9112,299.2,73,93,0.57,1703138400
133,tura,25.5198,90.2201,297.42,39,23,1.51,1703138400
134,alofi,-19.0595,-169.9187,300.09,65,100,9.66,1703138400
135,kwale,5.7063,6.4374,296.74,96,35,0.69,1703138400
136,trinidad,-14.8333,-64.9,296.87,94,90,0.82,1703138400
137,opuwo,-18.0607,13.84,298.25,38,97,2.52,1703138400
138,mizdah,31.4451,12.9801,281.09,74,1,8.3,1703138400
139,ghormach,35.7306,63.7826,279.56,49,0,1.29,1703138400
140,ubari,26.5921,12.7805,278.79,90,1,4.98,1703138400
141,talnakh,69.4865,88.3972,258.82,93,99,8.76,1703138400
142,mejit,10.2753,170.8646,300.29,83,95,10.24,1703138400
143,polyarnyy,69.1989,33.4478,265.95,92,100,3.69,1703138400
144,jinchang,38.4953,102.1739,266.75,28,60,1.31,1703138400
145,coruripe,-10.1256,-36.1756,298.21,89,95,7.22,1703138400
146,vallenar,-28.5708,-70.7581,292.56,54,0,3.87,1703138400
147,chonchi,-42.6128,-73.8092,283.77,97,61,1.01,1703138400
148,brezina,33.0989,1.2608,279.99,75,14,5.02,1703138400
149,patterson,37.4716,-121.1297,285.26,95,97,1.12,1703138400
150,constitucion,-35.3333,-72.4167,285.94,83,1,3.79,1703138400
151,canutama,-6.5339,-64.3831,297.12,98,100,2.2,1703138400
152,nyurba,63.2842,118.3319,252.2,85,99,3.76,1703138400
153,severo-yeniseyskiy,60.3725,93.0408,259.03,94,100,3.14,1703138400
154,jiayuguan,39.8167,98.3,265.49,55,79,1.83,1703138400
155,georgetown,5.4112,100.3354,306.12,57,39,2.34,1703138400
156,pandan,14.0453,124.1694,300.65,81,85,4.54,1703138400
157,codrington,-38.2667,141.9667,291.99,57,19,5.85,1703138400
158,chernyshevskiy,63.0128,112.4714,249.51,92,30,2.67,1703138400
159,magdeburg,52.1667,11.6667,281.79,88,100,12.39,1703138400
160,nichinan,31.6,131.3667,282.97,62,36,3.66,1703138400
161,puerto ayora,-0.7393,-90.3518,297.34,96,56,5.11,1703138400
162,copala,16.65,-98.9833,296.65,84,8,0.62,1703138400
163,ribeira grande,38.5167,-28.7,289.69,77,87,7.17,1703138400
164,sal rei,16.1833,-22.9167,295.54,58,39,9.97,1703138400
165,spring creek,40.7266,-115.5859,275.94,83,90,0.46,1703138400
166,calvinia,-31.4707,19.776,294.85,45,1,4.76,1703138400
167,uglich,57.5275,38.3317,269.61,98,98,3.87,1703138400
168,hawaiian paradise park,19.5933,-154.9731,295.18,96,100,3.25,1703138400
169,stanley,54.868,-1.6985,283.89,85,84,10.89,1703138400
170,parry sound,45.3501,-80.033,271.18,74,37,4.09,1703138400
171,vila velha,-20.3297,-40.2925,298.12,88,36,5.52,1703138400
172,betio village,1.358,172.9211,302.17,81,98,5.79,1703138400
173,oruro,-17.9833,-67.15,285.35,64,70,3.79,1703138400
174,san patricio,28.017,-97.5169,292.5,80,91,4.17,1703138400
175,mount isa,-20.7333,139.5,312.02,18,13,6.85,1703138400
176,cadale,2.7603,46.3222,301.4,72,99,8.63,1703138400
177,borovichi,58.3878,33.9155,270.94,96,92,3.96,1703138400
178,mawu,29.5923,107.3139,281.72,60,97,0.48,1703138400
179,hobyo,5.3505,48.5268,300.63,75,80,7.74,1703138400
180,luderitz,-26.6481,15.1594,291.43,59,0,11.56,1703138400
181,garoowe,8.4054,48.4845,298.54,58,4,5.54,1703138400
182,saint-pierre,-21.3393,55.4781,301.96,79,21,1.5,1703138400
183,coquimbo,-29.9533,-71.3436,289.11,88,22,3.0,1703138400
184,san luis de la loma,17.2706,-100.8939,297.89,83,37,1.46,1703138400
185,wamba,8.9333,8.6,295.9,33,52,2.49,1703138400
186,sitka,57.0531,-135.33,280.09,65,100,2.81,1703138400
187,mili,6.0815,171.735,301.19,83,100,6.88,1703138400
188,sitia,35.2,26.0986,290.92,75,74,4.49,1703138400
189,ciudad melchor muzquiz,27.8833,-101.5167,287.09,81,96,0.72,1703138400
190,el calafate,-50.3408,-72.2768,284.67,71,81,1.55,1703138400
191,binefar,41.8488,0.2968,277.54,76,39,0.47,1703138400
192,qarazhal,48.0078,70.7903,269.88,92,100,2.75,1703138400
193,yoloten,37.2989,62.3597,279.89,33,0,4.66,1703138400
194,ilulissat,69.2167,-51.1,261.16,44,99,3.09,1703138400
195,pimentel,-6.8367,-79.9342,294.31,88,73,4.21,1703138400
196,usinsk,65.9939,57.5281,270.02,96,100,7.28,1703138400
197,eyl,7.9803,49.8164,301.52,63,9,8.49,1703138400
198,arraial do cabo,-22.9661,-42.0278,296.39,87,32,3.57,1703138400
199,oodweyne,9.4092,45.064,296.13,49,10,5.86,1703138400
200,saipan,15.1355,145.701,302.54,70,53,7.88,1703138400
201,ushtobe,45.2514,77.9838,270.98,85,93,2.47,1703138400
202,kapuskasing,49.4169,-82.4331,260.15,85,55,3.47,1703138400
203,utrik,11.2278,169.8474,300.15,79,61,10.17,1703138400
204,besisahar,28.2313,84.3761,295.47,30,87,2.05,1703138400
205,hasaki,35.7333,140.8333,284.43,39,12,4.64,1703138400
206,quatre cocos,-20.2078,57.7625,303.2,73,99,3.87,1703138400
207,mahdia,35.5047,11.0622,287.12,65,70,11.06,1703138400
208,weno,7.4515,151.8468,304.12,66,13,6.44,1703138400
209,waingapu,-9.6567,120.2641,303.51,67,76,0.59,1703138400
210,i-n-salah,27.1935,2.4607,282.84,55,0,4.08,1703138400
211,myrina,39.8797,25.0742,287.24,93,79,4.21,1703138400
212,zakamensk,50.3741,103.2863,255.43,60,83,1.4,1703138400
213,ust'-ilimsk,58.0006,102.6619,252.66,84,90,2.23,1703138400
214,rechytsa,52.3617,30.3916,279.23,81,99,5.52,1703138400
215,le port,-20.9373,55.2919,303.21,93,12,2.62,1703138400
216,kismayo,-0.3582,42.5454,302.61,73,61,7.36,1703138400
217,gwadar,25.1216,62.3254,295.55,54,97,4.6,1703138400
218,rio grande city,26.3798,-98.8203,291.91,78,84,4.66,1703138400
219,lebu,-37.6167,-73.65,285.42,92,17,6.72,1703138400
220,la passe,45.5549,-0.8967,284.89,91,93,8.46,1703138400
221,saint-philippe,-21.3585,55.7679,301.92,75,38,0.84,1703138400
222,northam,51.0333,-4.2167,284.96,92,99,14.01,1703138400
223,mahriz,31.5917,54.4318,280.43,38,0,0.79,1703138400
224,paciran,-6.8767,112.3761,304.66,56,35,2.24,1703138400
225,medowie,-32.7333,151.8667,295.47,70,100,3.73,1703138400
226,izhevsk,56.85,53.2333,274.38,92,100,7.28,1703138400
227,axim,4.8699,-2.2405,297.83,65,21,5.08,1703138400
228,kingston,17.997,-76.7936,297.56,82,19,1.6,1703138400
229,hengchun,22.0042,120.7439,292.01,71,100,17.36,1703138400
230,takahata,38.0025,140.1911,278.88,80,94,1.48,1703138400
231,onega,63.9061,38.1404,267.37,96,100,1.85,1703138400
232,suva,-18.1416,178.4415,301.86,84,74,5.75,1703138400
233,puerto baquerizo moreno,-0.9,-89.6,297.03,87,59,5.6,1703138400
234,egilsstadir,65.2653,-14.3948,269.1,68,76,3.67,1703138400
235,trincomalee,8.5711,81.2335,300.35,82,72,5.73,1703138400
236,pauini,-7.7136,-66.9764,296.53,99,100,1.91,1703138400
237,tazovsky,67.4667,78.7,261.43,93,100,7.63,1703138400
238,puerto armuelles,8.2833,-82.8667,300.42,82,77,0.61,1703138400
239,mugia,43.1041,-9.2179,286.07,83,74,6.34,1703138400
240,carutapera,-1.195,-46.02,298.6,92,95,4.47,1703138400
241,queenstown,-31.8976,26.8753,292.31,59,0,8.91,1703138400
242,deir ez-zor,35.3359,40.1408,284.16,62,95,4.12,1703138400
243,lihue,21.9789,-159.3672,295.11,84,100,7.07,1703138400
244,atbasar,51.8,68.3333,274.12,98,100,6.32,1703138400
245,tolanaro,-25.0319,46.9987,301.6,74,8,2.63,1703138400
246,kill devil hills,36.0307,-75.676,280.75,62,1,7.8,1703138400
247,isafjordur,66.0755,-23.124,267.13,88,100,1.79,1703138400
248,mponela,-13.5319,33.7401,295.63,80,84,3.18,1703138400
249,turpan,42.9333,89.1667,269.06,34,18,0.76,1703138400
250,nikel,69.4128,30.222,259.34,99,92,2.75,1703138400
251,ancud,-41.8697,-73.8203,282.68,94,7,2.56,1703138400
252,manta,-0.95,-80.7333,299.82,74,61,1.7,1703138400
253,avarua,-21.2078,-159.775,297.18,83,84,9.48,1703138400
254,polovinnoye,54.7914,65.9864,272.56,92,70,7.04,1703138400
255,sake,-1.5736,29.045,294.22,85,68,0.73,1703138400
256,howrah,22.5892,88.3103,297.92,60,71,2.46,1703138400
257,sinan,34.8262,126.1086,273.48,67,100,12.1,1703138400
258,guaratuba,-25.8828,-48.5747,295.81,87,53,3.37,1703138400
259,crucecita,-28.95,-58.9833,293.58,87,58,2.6,1703138400
260,crookston,47.7741,-96.6081,273.22,80,67,5.35,1703138400
261,petropavlovsk-kamchatsky,53.0452,158.6483,258.4,74,1,4.34,1703138400
262,xinqing,48.2333,129.5,252.5,74,67,1.26,1703138400
263,amos,48.5669,-78.1162,260.31,92,35,2.34,1703138400
264,hargeysa,9.56,44.065,292.28,68,28,6.51,1703138400
265,kabwe,-14.4469,28.4464,295.85,81,93,2.7,1703138400
266,kayangel,8.0823,134.7173,301.53,74,42,6.69,1703138400
267,carbonear,47.7332,-53.2148,281.86,84,100,3.24,1703138400
268,saldanha,-33.0117,17.9442,291.36,75,0,12.06,1703138400
269,hilo,19.7297,-155.09,295.68,98,100,2.67,1703138400
270,salinopolis,-0.6136,-47.3561,299.41,89,98,6.01,1703138400
271,qamdo,31.1667,97.2333,272.01,17,0,0.87,1703138400
272,college,64.8569,-147.8028,258.58,85,100,0.21,1703138400
273,crane,31.3974,-102.3501,286.98,77,100,3.03,1703138400
274,talara,-4.5772,-81.2719,294.38,85,49,5.75,1703138400
275,shohimardon,39.9839,71.8028,279.53,60,1,5.23,1703138400
276,porto novo,6.4965,2.6036,297.05,74,14,4.68,1703138400
277,alaghsas,17.0187,8.0168,288.44,33,0,7.07,1703138400
278,al fallujah,33.3538,43.7795,286.49,55,39,2.59,1703138400
279,xai-xai,-25.0519,33.6442,299.77,58,1,5.4,1703138400
280,atemajac de brizuela,20.1833,-103.7,282.68,79,97,0.67,1703138400
281,simsbury center,41.8809,-72.8112,274.87,74,31,3.89,1703138400
282,fada,9.5667,8.3,292.86,35,42,3.03,1703138400
283,petatlan,17.5167,-101.2667,297.19,85,27,0.85,1703138400
284,art khwajah,37.0857,69.4796,282.32,48,0,0.59,1703138400
285,new norfolk,-42.7826,147.0587,292.17,61,77,0.13,1703138400
286,howard springs,-12.497,131.047,306.47,84,100,2.35,1703138400
287,port hedland,-20.3167,118.5667,305.18,58,2,11.34,1703138400
288,wad az zaki,14.4619,32.2065,298.73,27,7,3.95,1703138400
289,tatarsk,55.219,75.9828,268.78,95,97,5.59,1703138400
290,minas de marcona,-15.2119,-75.1103,288.76,85,98,6.48,1703138400
291,tamanrasset,22.785,5.5228,279.72,30,12,2.14,1703138400
292,ust-nera,64.5667,143.2,236.23,98,76,1.54,1703138400
293,afaahiti,-17.75,-149.2833,298.5,87,100,6.35,1703138400
294,amahai,-3.3333,128.9167,302.13,75,94,2.26,1703138400
295,remire-montjoly,4.9167,-52.2667,299.27,94,43,5.29,1703138400
296,timaru,-44.4,171.25,288.75,83,100,1.82,1703138400
297,rio preto da eva,-2.6994,-59.6997,295.71,99,100,2.01,1703138400
298,kalmunai,7.4167,81.8167,301.82,75,87,4.02,1703138400
299,qaqortoq,60.7167,-46.0333,266.37,87,100,0.95,1703138400
300,le blanc,46.6667,1.1667,281.58,93,97,5.93,1703138400
301,sao vicente,-23.9631,-46.3919,296.71,26,57,3.3,1703138400
302,enewetak,11.3474,162.3373,300.56,79,93,10.57,1703138400
303,umba,66.6871,34.3429,264.36,96,100,0.37,1703138400
304,zaraza,9.3503,-65.3245,297.84,87,14,2.69,1703138400
305,port isabel,26.0734,-97.2086,293.58,86,66,6.29,1703138400
306,pasvalys,56.0594,24.4036,274.11,88,84,6.48,1703138400
307,kapa'a,22.0752,-159.319,296.02,84,100,8.18,1703138400
308,praia da vitoria,38.7333,-27.0667,288.29,67,97,6.36,1703138400
309,labuan,5.2767,115.2417,306.35,58,55,3.71,1703138400
310,rechka-vydrino,51.485,104.8461,263.75,64,62,2.79,1703138400
311,brookings,44.3114,-96.7984,273.53,85,47,3.79,1703138400
312,colonia,50.9333,6.95,282.53,100,100,11.31,1703138400
313,la'ie,21.6477,-157.9253,296.37,73,100,9.24,1703138400
314,kuanda,56.3161,116.0806,249.38,94,96,0.53,1703138400
315,es castell,39.8795,4.2854,286.79,76,1,10.37,1703138400
316,grand falls-windsor,48.9332,-55.6649,283.57,87,100,5.36,1703138400
317,dila,6.4167,38.3167,295.45,53,68,0.74,1703138400
318,boulder city,35.9786,-114.8325,285.87,41,38,0.93,1703138400
319,kavieng,-2.5744,150.7967,301.65,75,85,1.73,1703138400
320,hacienda huancane,-15.8222,-70.8856,279.46,70,99,5.24,1703138400
321,karratha,-20.7377,116.8463,310.84,32,3,9.39,1703138400
322,meizhou,24.2977,116.1072,285.98,46,81,2.17,1703138400
323,aykhal,66.0,111.5,250.01,72,13,4.37,1703138400
324,markovo,57.3206,107.0881,251.74,85,17,1.23,1703138400
325,geraldton,-28.7667,114.6,301.38,57,59,5.68,1703138400
326,kirakira,-10.4544,161.9205,301.77,76,64,1.0,1703138400
327,cam ranh,11.9214,109.1591,300.13,69,81,10.14,1703138400
328,rizokarpaso,35.6,34.375,289.78,57,100,10.81,1703138400
329,huangshan,29.7114,118.3125,276.41,28,3,1.71,1703138400
330,linton,39.0348,-87.1658,277.8,54,100,2.72,1703138400
331,jamaame,0.0697,42.745,304.12,62,56,6.59,1703138400
332,nikolayevsk-on-amure,53.1406,140.73,247.38,92,25,1.8,1703138400
333,port alfred,-33.5906,26.891,294.97,89,27,5.44,1703138400
334,zaozersk,69.4005,32.4476,264.93,94,97,2.87,1703138400
335,sitangkai,4.6628,119.3928,301.8,73,68,2.58,1703138400
336,luau,-10.7073,22.2247,294.08,93,100,1.06,1703138400
337,sungai penuh,-2.0833,101.3833,296.01,84,100,1.06,1703138400
338,yamada,39.4667,141.95,273.55,91,97,2.9,1703138400
339,guankou,28.15,113.6333,282.05,42,50,1.46,1703138400
340,klyuchi,52.2667,79.1667,268.43,82,100,5.7,1703138400
341,tehran,35.6944,51.4215,280.72,45,34,1.91,1703138400
342,murghob,38.1702,73.9667,260.68,52,0,1.8,1703138400
343,susuman,62.7833,148.1667,235.51,100,98,0.2,1703138400
344,lautoka,-17.6167,177.4667,303.07,74,78,2.03,1703138400
345,constantia,44.1833,28.65,278.34,75,71,3.65,1703138400
346,pacasmayo,-7.4006,-79.5714,293.79,85,95,4.17,1703138400
347,villaguay,-31.8653,-59.0269,290.87,92,75,3.93,1703138400
348,bhimunipatnam,17.8833,83.4333,297.88,50,12,1.6,1703138400
349,happy valley-goose bay,53.3168,-60.3315,268.43,62,92,5.59,1703138400
350,ugoofaaru,5.6667,73.0,301.03,81,100,2.93,1703138400
351,moog,8.6011,124.4658,301.24,72,90,1.71,1703138400
352,sao luiz gonzaga,-28.4083,-54.9608,293.62,94,1,2.22,1703138400
353,coahuayana de hidalgo,18.7,-103.6583,296.57,90,80,1.09,1703138400
354,jayapura,-2.5333,140.7,305.81,78,82,2.03,1703138400
355,machico,32.7,-16.7667,290.33,74,54,8.24,1703138400
356,ilebo,-4.3167,20.5833,295.44,94,100,0.76,1703138400
357,newman,37.3138,-121.0208,285.41,95,97,1.48,1703138400
358,roma,43.2128,-75.4557,272.47,90,43,3.52,1703138400
359,udachny,66.4167,112.4,245.95,76,7,2.57,1703138400
360,yonago,35.4333,133.3333,275.11,55,92,6.78,1703138400
361,nieder-ingelheim,49.9776,8.0725,281.53,92,100,10.4,1703138400
362,cullman,34.1748,-86.8436,277.28,48,41,1.55,1703138400
363,schlusselfeld,49.7667,10.6333,278.61,93,100,11.07,1703138400
364,villa regina,-39.1,-67.0667,291.47,31,0,5.5,1703138400
365,gatton,-27.55,152.2833,299.94,75,100,0.69,1703138400
366,bergkirchen,48.25,11.3667,278.02,80,100,14.67,1703138400
367,tobruk,32.0836,23.9764,285.79,54,39,8.74,1703138400
368,kurumkan,54.3,110.3,252.58,90,20,1.4,1703138400
369,qinggang,46.6833,126.0833,253.94,88,51,2.23,1703138400
370,harper,4.375,-7.7169,296.74,77,51,4.09,1703138400
371,praya,14.9215,-23.5087,295.2,68,21,9.33,1703138400
372,abdanan,32.9926,47.4198,284.25,63,2,1.88,1703138400
373,rongelap,11.1635,166.8941,300.26,82,56,9.87,1703138400
374,rauma,61.1272,21.5113,268.58,96,98,4.82,1703138400
375,maumere,-8.6199,122.2111,302.45,72,80,1.39,1703138400
376,san pedro pochutla,15.7333,-96.4667,293.19,57,0,0.96,1703138400
377,torata,-17.0769,-70.8433,288.69,70,100,3.67,1703138400
378,itoman,26.1247,127.6694,289.23,59,92,10.38,1703138400
379,ma'an,26.9775,110.7211,279.49,35,2,1.74,1703138400
380,hammerfest,70.6634,23.6821,269.4,63,66,4.99,1703138400
381,vilyuchinsk,52.9306,158.4028,259.22,63,0,3.93,1703138400
382,grand gaube,-20.0064,57.6608,303.36,81,99,3.75,1703138400
383,white house,36.4703,-86.6514,277.05,46,94,2.1,1703138400
384,sereflikochisar,38.9393,33.5386,279.74,73,100,2.77,1703138400
385,fale old settlement,-9.3852,-171.2468,302.06,75,100,3.04,1703138400
386,viqueque,-8.8673,126.3658,304.0,71,90,1.08,1703138400
387,cabanas,22.9758,-82.9219,293.84,79,75,6.91,1703138400
388,dunedin,-45.8742,170.5036,285.26,91,100,3.66,1703138400
389,mananjary,-21.2167,48.3333,302.9,63,16,3.96,1703138400
390,boende,-0.2167,20.8667,297.05,92,98,1.32,1703138400
391,baiti,13.745,-14.7482,292.6,14,74,5.53,1703138400
392,golfito,8.639,-83.166,296.0,93,88,0.79,1703138400
393,borba,-4.3878,-59.5939,296.15,98,99,2.08,1703138400
394,belmonte,-15.8631,-38.8828,296.65,93,100,2.58,1703138400
395,mundemba,4.9479,8.8724,297.84,89,65,4.5,1703138400
396,nagqu,31.5,92.0,265.14,45,50,1.27,1703138400
397,ghadamis,30.1337,9.5007,282.43,76,0,4.25,1703138400
398,fukuecho,32.6881,128.8419,277.76,81,92,11.32,1703138400
399,port lincoln,-34.7333,135.8667,290.91,55,33,6.15,1703138400
400,aral,40.5156,81.2636,272.26,35,0,1.95,1703138400
401,lorengau,-2.0226,147.2712,302.2,71,32,3.52,1703138400
402,saudarkrokur,65.7461,-19.6394,268.04,89,100,2.49,1703138400
403,raja,8.4596,25.678,299.54,25,59,1.8,1703138400
404,senador pompeu,-5.5881,-39.3717,297.9,84,73,3.98,1703138400
405,vieste,41.8825,16.175,286.06,77,79,4.52,1703138400
406,olyokminsk,60.3736,120.4264,253.83,82,99,1.78,1703138400
407,kunming,25.0389,102.7183,287.78,87,85,3.6,1703138400
408,kutum,14.2,24.6667,292.77,26,6,3.79,1703138400
409,mbaiki,3.8678,17.9892,297.5,76,85,0.4,1703138400
410,tosontsengel,48.7567,98.2839,253.05,67,93,1.36,1703138400
411,al jawf,29.5,38.75,285.18,52,86,4.74,1703138400
412,oakdale,44.963,-92.9649,272.96,71,67,3.86,1703138400
413,posto fiscal rolim de moura,-13.0833,-62.2667,299.35,67,63,0.69,1703138400
414,palma sola,-23.9634,-64.2987,293.04,91,96,1.14,1703138400
415,kavaratti,10.5669,72.642,302.01,68,87,1.37,1703138400
416,toliara,-23.35,43.6667,303.85,53,0,4.33,1703138400
417,thunder bay,48.4001,-89.3168,269.79,80,99,4.67,1703138400
418,khandyga,62.6667,135.6,231.47,98,100,1.28,1703138400
419,najran,17.4924,44.1277,290.33,34,7,3.72,1703138400
420,edgewood,39.4187,-76.2944,275.0,80,5,5.51,1703138400
421,sorong,-0.8833,131.25,302.89,69,47,4.13,1703138400
422,al kharijah,25.4514,30.5464,290.01,42,92,3.43,1703138400
423,ulladulla,-35.35,150.4667,294.13,64,51,6.18,1703138400
424,bejaia,36.7559,5.0843,286.1,79,90,3.5,1703138400
425,bani walid,31.7566,13.9942,284.58,68,5,8.36,1703138400
426,gejiu,23.306,103.1635,282.58,70,98,2.06,1703138400
427,sungailiat,-1.85,106.1333,297.92,93,100,2.66,1703138400
428,kruisfontein,-34.0033,24.7314,292.83,59,1,6.11,1703138400
429,zaghouan,36.4029,10.1429,286.07,67,67,12.08,1703138400
430,port augusta,-32.5,137.7667,299.0,26,45,7.73,1703138400
431,pemangkat,1.1667,108.9667,301.71,77,88,3.73,1703138400
432,chibougamau,49.9168,-74.3659,261.94,85,89,2.36,1703138400
433,ceres,37.5949,-120.9577,285.28,96,88,1.7,1703138400
434,faya-largeau,17.9257,19.1043,293.4,27,0,7.61,1703138400
435,laojunmiao,39.8333,97.7333,267.56,60,62,2.38,1703138400
436,novaya igirma,57.1334,103.9112,251.68,82,82,1.58,1703138400
437,mata-utu,-13.2816,-176.1745,302.64,73,99,3.84,1703138400
438,fortuna,40.5982,-124.1573,284.51,94,18,2.14,1703138400
439,aegina,37.7467,23.4275,288.21,74,53,2.86,1703138400
440,diveyevo,55.0433,43.2418,274.53,96,100,4.9,1703138400
441,apam,5.2848,-0.7371,297.9,80,19,5.31,1703138400
442,porto murtinho,-21.6989,-57.8825,298.71,77,73,2.05,1703138400
443,mhangura,-16.8939,30.1683,296.53,74,79,1.19,1703138400
444,fort bragg,35.139,-79.006,275.75,86,19,1.42,1703138400
445,igarape miri,-1.975,-48.9597,297.94,89,99,2.7,1703138400
446,inhambane,-23.865,35.3833,300.36,69,8,4.55,1703138400
447,port blair,11.6667,92.75,301.93,70,22,5.4,1703138400
448,tindouf,27.6711,-8.1474,281.96,69,0,4.02,1703138400
449,sarkand,45.41,79.9186,272.11,77,100,2.08,1703138400
450,celestun,20.8667,-90.4,292.87,73,4,2.27,1703138400
451,laguna,38.421,-121.4238,285.66,94,67,2.74,1703138400
452,haimen,23.1935,116.6142,288.67,52,71,7.24,1703138400
453,salamanca,40.8333,-6.0,274.46,90,1,4.42,1703138400
454,ilabaya,-17.4208,-70.5133,291.64,71,100,4.06,1703138400
455,miura,35.14,139.6192,285.2,29,1,7.86,1703138400
456,phan rang-thap cham,11.5667,108.9833,302.49,56,48,6.36,1703138400
457,mahina,-17.5065,-149.489,300.06,89,92,3.44,1703138400
458,rumuruti,0.267,36.5389,292.54,67,34,5.88,1703138400
459,yanam,16.7333,82.2167,299.58,54,5,1.72,1703138400
460,veselynove,47.3567,31.2349,277.22,87,100,2.16,1703138400
461,luganville,-15.5333,167.1667,301.75,74,58,0.75,1703138400
462,meadow lake,34.8014,-106.5436,279.65,76,81,0.64,1703138400
463,homer,59.6425,-151.5483,267.09,86,100,2.17,1703138400
464,dunay,42.8803,132.3375,258.19,75,76,11.05,1703138400
465,morehead city,34.7229,-76.726,277.19,77,6,4.37,1703138400
466,dourados,-22.2211,-54.8056,294.43,89,50,2.63,1703138400
467,kisangani,0.5167,25.2,297.75,87,72,1.36,1703138400
468,saint-francois,46.4154,3.9054,280.27,94,100,5.49,1703138400
469,daru,-9.0763,143.2092,301.19,79,93,2.57,1703138400
470,rincon,32.296,-81.2354,276.25,69,73,1.81,1703138400
471,quellon,-43.1167,-73.6167,284.09,88,81,2.48,1703138400
472,san antonio de pale,-1.4014,5.6325,300.05,77,91,4.37,1703138400
473,shiprock,36.7855,-108.687,279.34,90,63,1.37,1703138400
474,bayan,46.0833,127.4,252.22,89,99,2.27,1703138400
475,lichinga,-13.3128,35.2406,294.2,94,91,1.65,1703138400
476,rawson,-43.3002,-65.1023,291.18,48,3,3.54,1703138400
477,mandiana,10.6333,-8.6833,288.13,21,23,2.21,1703138400
478,st. john's,47.5649,-52.7093,281.51,88,90,2.85,1703138400
479,ad dabbah,18.05,30.95,294.07,34,6,3.59,1703138400
480,malvan,16.0667,73.4667,304.2,43,92,3.66,1703138400
481,hotan,37.0997,79.9269,275.8,26,53,2.32,1703138400
482,durban,-29.8579,31.0292,297.14,88,99,7.64,1703138400
483,bengkulu,-3.8004,102.2655,300.8,72,97,1.08,1703138400
484,bristol,41.8334,-71.1662,274.09,70,11,4.33,1703138400
485,flying fish cove,-10.4217,105.6791,299.04,83,91,2.34,1703138400
486,khamis mushait,18.3064,42.7292,288.51,67,16,4.31,1703138400
487,melito di porto salvo,37.9222,15.7714,285.67,62,68,4.32,1703138400
488,sutherlin,43.3901,-123.3126,282.67,39,43,0.55,1703138400
489,nemuro,43.3236,145.575,271.35,58,43,7.86,1703138400
490,kachug,53.9606,105.8817,252.62,91,49,0.17,1703138400
491,korla,41.7597,86.1469,269.31,61,23,0.72,1703138400
492,kalachinsk,55.0529,74.5751,270.09,96,97,5.08,1703138400
493,troitsko-pechorsk,62.7084,56.1964,270.76,90,100,3.72,1703138400
494,berdigestyakh,62.0989,126.6992,252.17,95,100,2.21,1703138400
495,cantilan,9.3336,125.9775,301.73,72,64,1.29,1703138400
496,lagunas,-5.2269,-75.6753,298.38,87,99,1.4,1703138400
497,ocean shores,46.9737,-124.1563,283.47,97,99,0.69,1703138400
498,masterton,-40.9597,175.6575,295.65,62,68,0.87,1703138400
499,lydenburg,-25.0978,30.4597,299.99,48,30,3.25,1703138400
500,bouznika,33.7894,-7.1597,286.57,100,64,2.98,1703138400
501,morant bay,17.8815,-76.4093,298.94,83,41,7.21,1703138400
502,pacific grove,36.6177,-121.9166,285.8,91,36,3.4,1703138400
503,dara,15.3484,-15.4799,293.13,21,82,7.19,1703138400
504,mar del plata,-38.0023,-57.5575,291.27,90,94,3.26,1703138400
505,ust-tsilma,65.441,52.1498,271.27,96,99,3.61,1703138400
506,ouarzazat,30.9189,-6.8934,277.36,27,0,5.7,1703138400
507,uliastay,47.7417,96.8444,258.25,69,99,1.06,1703138400
508,jerome,42.7241,-114.5186,275.68,84,33,3.14,1703138400
509,anicuns,-16.4611,-49.9617,293.12,94,93,4.58,1703138400
510,mazagao,-0.115,-51.2894,300.18,96,97,3.28,1703138400
511,callao,-12.0667,-77.15,295.31,73,96,3.79,1703138400
512,bloomfield,40.8068,-74.1854,275.42,71,8,3.55,1703138400
513,samana,19.2056,-69.3369,295.85,90,48,5.11,1703138400
514,dekina,7.6948,7.0222,296.19,35,16,0.75,1703138400
515,san juan de miraflores,-12.1629,-76.9635,295.47,76,99,2.75,1703138400
516,mkushi,-13.6202,29.3939,292.86,91,100,1.06,1703138400
517,vadso,70.0744,29.7487,266.47,79,27,4.39,1703138400
518,ringkobing,56.0901,8.244,280.94,93,92,19.98,1703138400
519,sierra grande,-41.606,-65.3557,290.23,47,7,1.9,1703138400
520,bikenibeu village,1.3673,173.1241,302.13,89,92,5.38,1703138400
521,baltiysk,54.6538,19.911,274.98,99,98,11.47,1703138400
522,mingshui,36.7167,117.5,262.32,64,3,1.78,1703138400
523,barra de santo antonio,-9.4047,-35.5072,298.75,86,95,5.77,1703138400
524,sterling,39.0062,-77.4286,274.06,74,19,2.05,1703138400
525,bandar lampung,-5.4254,105.258,303.87,55,90,0.67,1703138400
526,koryazhma,61.3143,47.1691,272.54,92,100,2.26,1703138400
527,muntok,-2.0667,105.1833,297.81,93,100,3.6,1703138400
528,ivdel',60.6911,60.4206,270.39,84,90,3.01,1703138400
529,cidreira,-30.1811,-50.2056,295.71,86,95,6.32,1703138400
530,lompoc,34.6391,-120.4579,287.05,80,100,4.83,1703138400
531,aras-asan,8.8908,126.3033,301.81,70,50,1.1,1703138400
532,sao jose da coroa grande,-8.8978,-35.1478,298.44,87,84,6.6,1703138400
533,tarapur,19.85,72.7,301.81,34,98,3.47,1703138400
534,kyzyl,51.7,94.45,247.55,97,100,1.24,1703138400
535,caraballeda,10.6112,-66.8522,298.19,83,8,3.38,1703138400
536,bitkine,11.9801,18.2138,294.92,26,16,3.76,1703138400
537,sisimiut,66.9395,-53.6735,262.05,94,100,1.35,1703138400
538,gao,16.6362,1.637,285.01,24,15,6.05,1703138400
539,shimoda,34.6667,138.95,280.43,52,5,12.04,1703138400
540,mogocha,53.7333,119.7667,257.63,79,100,1.61,1703138400
541,kholmsk,47.0511,142.0569,262.37,82,100,5.26,1703138400
542,bereeda,11.8704,51.0579,299.32,76,42,4.93,1703138400
543,lazaro cardenas,17.9583,-102.2,297.66,84,79,1.35,1703138400
544,pilcaya,18.7333,-99.6833,288.6,62,43,1.16,1703138400
545,clear lake,43.138,-93.3794,273.38,79,67,4.05,1703138400
546,guerrero negro,27.9769,-114.0611,291.63,84,19,1.96,1703138400
547,miri,4.4148,114.0089,304.23,79,64,0.58,1703138400
548,paramaribo,5.8667,-55.1667,299.18,94,29,4.19,1703138400
549,lubang,13.8584,120.124,301.23,78,97,9.11,1703138400
550,sinabang,2.4803,96.3801,302.17,72,86,0.8,1703138400
551,tangalle,6.024,80.7911,303.24,69,95,4.71,1703138400
552,labuan bajo,-8.4964,119.8877,301.83,78,49,1.91,1703138400
553,vorkuta,67.5,64.0,262.75,96,100,4.99,1703138400
554,kone,-21.0595,164.8658,301.82,61,9,1.54,1703138400
555,myeik,12.4333,98.6,305.05,47,45,3.47,1703138400
556,noosa heads,-26.3833,153.15,300.0,77,97,4.87,1703138400
